{"train_samples_per_second":0.145,"train/global_step":2598,"_wandb":{"runtime":142838},"train/token_acc":0.4869791666666667,"_step":359,"total_flos":2.382973047003939e+18,"_runtime":142838,"train_runtime":142841.1296,"train/grad_norm":2.1682872772216797,"train/loss":2.441484832763672,"_timestamp":1.76714729804725e+09,"train_loss":1.7659245935929013,"train/epoch":3,"train_steps_per_second":0.018,"train/learning_rate":3.2900575424599235e-10}