{"train/grad_norm":1.588326334953308,"train/epoch":0.9587063239965348,"train/loss":2.6787799835205077,"train/global_step":830,"train/token_acc":0.4392523364485981,"_runtime":67452,"_step":166,"train/learning_rate":7.686073087055179e-05,"_wandb":{"runtime":67452},"_timestamp":1.7670001023949091e+09}